dt,LandAverageTemperature
1750-01-01,3.034
1750-02-01,3.083
1750-03-01,5.626
1750-04-01,8.49
1750-05-01,11.573
1750-06-01,12.937
1750-07-01,15.868
1750-08-01,14.75
1750-09-01,11.413
1750-10-01,6.367
1750-11-01,
1750-12-01,2.772
1751-01-01,2.495
1751-02-01,963
1751-03-01,5.8
1751-04-01,7.67
1751-05-01,
1751-06-01,13.827
1751-07-01,
1751-08-01,14.405
1751-09-01,10.673
1751-10-01,
1751-11-01,
1751-12-01,
1752-01-01,348
1752-02-01,
1752-03-01,5.806
1752-04-01,8.265
1752-05-01,
1752-06-01,
1752-07-01,
1752-08-01,
1752-09-01,
1752-10-01,7.839
1752-11-01,7.335
1752-12-01,5.086
1753-01-01,2.039
1753-02-01,715
1753-03-01,5.424
1753-04-01,8.272
1753-05-01,12.186
1753-06-01,14.585
1753-07-01,15.092
1753-08-01,14.148
1753-09-01,13.322
1753-10-01,8.962
1753-11-01,5.353
1753-12-01,559
1754-01-01,1.574
1754-02-01,-1.249
1754-03-01,3.677
1754-04-01,11.61
1754-05-01,11.936
1754-06-01,14.388
1754-07-01,14.681
1754-08-01,13.556
1754-09-01,11.129
1754-10-01,9.582
1754-11-01,6.161
1754-12-01,4.587
1755-01-01,1.067
1755-02-01,-108
1755-03-01,3.607
1755-04-01,9.263
1755-05-01,12.881
1755-06-01,15.38
1755-07-01,14.397
1755-08-01,13.515
1755-09-01,11.773
1755-10-01,9.97
1755-11-01,5.958
1755-12-01,2.564
1756-01-01,3.887
1756-02-01,5.666
1756-03-01,4.192
1756-04-01,10.042
1756-05-01,14.164
1756-06-01,14.547
1756-07-01,13.906
1756-08-01,13.437
1756-09-01,12.652
1756-10-01,7.312
1756-11-01,4.225
1756-12-01,2.165
1757-01-01,-276
1757-02-01,3.704
1757-03-01,4.529
1757-04-01,8.246
1757-05-01,13.039
1757-06-01,17.115
1757-07-01,17.61
1757-08-01,17.91
1757-09-01,14.852
1757-10-01,6.482
1757-11-01,4.032
1757-12-01,1.021
1758-01-01,-1.503
1758-02-01,806
1758-03-01,3.765
1758-04-01,7.21
1758-05-01,9.715
1758-06-01,13.139
1758-07-01,13.847
1758-08-01,11.818
1758-09-01,10.028
1758-10-01,1.894
1758-11-01,6.955
1758-12-01,3.249
1759-01-01,5.014
1759-02-01,4.082
1759-03-01,4.52
1759-04-01,5.983
1759-05-01,10.189
1759-06-01,13.512
1759-07-01,12.526
1759-08-01,14.587
1759-09-01,12.626
1759-10-01,8.267
1759-11-01,4.268
1759-12-01,247
1760-01-01,-811
1760-02-01,2.436
1760-03-01,1.864
1760-04-01,7.436
1760-05-01,10.661
1760-06-01,11.945
1760-07-01,12.887
1760-08-01,13.917
1760-09-01,11.197
1760-10-01,6.701
1760-11-01,5.436
1760-12-01,2.553
1761-01-01,0.6
1761-02-01,2.735
1761-03-01,5.976
1761-04-01,7.321
1761-05-01,13.451
1761-06-01,16.821
1761-07-01,19.021
1761-08-01,15.331
1761-09-01,12.535
1761-10-01,7.227
1761-11-01,5.089
1761-12-01,-837
1762-01-01,6.866
1762-02-01,4.801
1762-03-01,3.528
1762-04-01,9.019
1762-05-01,10.881
1762-06-01,13.499
1762-07-01,14.72
1762-08-01,13.992
1762-09-01,10.326
1762-10-01,6.156
1762-11-01,6.367
1762-12-01,3.123
1763-01-01,1.369
1763-02-01,771
1763-03-01,1.576
1763-04-01,7.871
1763-05-01,10.701
1763-06-01,12.271
1763-07-01,16.391
1763-08-01,14.126
1763-09-01,11.378
1763-10-01,5.535
1763-11-01,4.588
1763-12-01,3.384
1764-01-01,1.741
1764-02-01,6.162
1764-03-01,5.521
1764-04-01,7.88
1764-05-01,11.175
1764-06-01,11.723
1764-07-01,12.507
1764-08-01,12.282
1764-09-01,10.696
1764-10-01,10.011
1764-11-01,5.791
1764-12-01,5.315
1765-01-01,3.78
1765-02-01,3.832
1765-03-01,6.859
1765-04-01,9.013
1765-05-01,10.734
1765-06-01,10.833
1765-07-01,13.953
1765-08-01,13.12
1765-09-01,10.993
1765-10-01,7.904
1765-11-01,5.603
1765-12-01,2.399
1766-01-01,-793
1766-02-01,4.896
1766-03-01,6.062
1766-04-01,8.007
1766-05-01,11.228
1766-06-01,13.653
1766-07-01,13.555
1766-08-01,13.758
1766-09-01,12.25
1766-10-01,8.465
1766-11-01,7.454
1766-12-01,2.333
1767-01-01,-643
1767-02-01,3.932
1767-03-01,7.022
1767-04-01,6.278
1767-05-01,10.193
1767-06-01,14.112
1767-07-01,13.361
1767-08-01,14.597
1767-09-01,11.675
1767-10-01,9.027
1767-11-01,7.915
1767-12-01,1.189
1768-01-01,-2.08
1768-02-01,506
1768-03-01,2.446
1768-04-01,6.92
1768-05-01,9.066
1768-06-01,12.49
1768-07-01,13.875
1768-08-01,12.352
1768-09-01,10.824
1768-10-01,7.729
1768-11-01,4.581
1768-12-01,2.667
1769-01-01,2.305
1769-02-01,2.164
1769-03-01,4.57
1769-04-01,8.967
1769-05-01,12.873
1769-06-01,15.142
1769-07-01,14.461
1769-08-01,13.494
1769-09-01,11.25
1769-10-01,5.297
1769-11-01,2.79
1769-12-01,-978
1770-01-01,1.974
1770-02-01,4.105
1770-03-01,1.612
1770-04-01,9.788
1770-05-01,9.996
1770-06-01,11.884
1770-07-01,11.621
1770-08-01,11.413
1770-09-01,10.724
1770-10-01,8.661
1770-11-01,5.791
1770-12-01,4.734
1771-01-01,5.101
1771-02-01,-274
1771-03-01,2.814
1771-04-01,5.717
1771-05-01,9.626
1771-06-01,14.104
1771-07-01,13.828
1771-08-01,14.204
1771-09-01,11.363
1771-10-01,10.317
1771-11-01,4.916
1771-12-01,2.522
1772-01-01,1.253
1772-02-01,1.478
1772-03-01,3.057
1772-04-01,8.858
1772-05-01,9.531
1772-06-01,12.647
1772-07-01,14.581
1772-08-01,14.098
1772-09-01,10.303
1772-10-01,9.268
1772-11-01,7.736
1772-12-01,5.512
1773-01-01,-437
1773-02-01,1.421
1773-03-01,4.422
1773-04-01,9.415
1773-05-01,12.764
1773-06-01,12.811
1773-07-01,14.484
1773-08-01,13.624
1773-09-01,12.488
1773-10-01,9.206
1773-11-01,3.369
1773-12-01,5.091
1774-01-01,-325
1774-02-01,4.914
1774-03-01,5.643
1774-04-01,10.153
1774-05-01,16.025
1774-06-01,15.371
1774-07-01,16.521
1774-08-01,14.099
1774-09-01,10.936
1774-10-01,8.59
1774-11-01,3.029
1774-12-01,0.31
1775-01-01,4.261
1775-02-01,6.427
1775-03-01,7.759
1775-04-01,7.952
1775-05-01,11.399
1775-06-01,12.314
1775-07-01,14.719
1775-08-01,14.435
1775-09-01,11.096
1775-10-01,10.372
1775-11-01,8.179
1775-12-01,1.284
1776-01-01,-806
1776-02-01,4.825
1776-03-01,4.652
1776-04-01,7.44
1776-05-01,10.475
1776-06-01,14.564
1776-07-01,14.108
1776-08-01,14.837
1776-09-01,10.602
1776-10-01,08.06
1776-11-01,5.87
1776-12-01,5.021
1777-01-01,6.021
1777-02-01,4.919
1777-03-01,5.572
1777-04-01,6.362
1777-05-01,11.389
1777-06-01,12.323
1777-07-01,12.743
1777-08-01,12.815
1777-09-01,11.379
1777-10-01,6.956
1777-11-01,5.529
1777-12-01,3.067
1778-01-01,2.521
1778-02-01,6.094
1778-03-01,4.604
1778-04-01,10.984
1778-05-01,11.286
1778-06-01,11.731
1778-07-01,15.037
1778-08-01,12.869
1778-09-01,13.377
1778-10-01,8.049
1778-11-01,3.854
1778-12-01,2.101
1779-01-01,1.47
1779-02-01,5.14
1779-03-01,6.967
1779-04-01,9.965
1779-05-01,14.18
1779-06-01,12.547
1779-07-01,13.659
1779-08-01,13.799
1779-09-01,12.683
1779-10-01,9.35
1779-11-01,5.77
1779-12-01,2.269
1780-01-01,2.515
1780-02-01,04.08
1780-03-01,5.724
1780-04-01,13.732
1780-05-01,15.757
1780-06-01,14.747
1780-07-01,16.183
1780-08-01,12.947
1780-09-01,8.844
1780-10-01,9.376
1780-11-01,6.706
1780-12-01,2.584
1781-01-01,2.401
1781-02-01,2.267
1781-03-01,4.772
1781-04-01,6.923
1781-05-01,11.102
1781-06-01,11.678
1781-07-01,14.285
1781-08-01,14.141
1781-09-01,10.304
1781-10-01,8.547
1781-11-01,7.523
1781-12-01,3.288
1782-01-01,341
1782-02-01,639
1782-03-01,2.565
1782-04-01,8.618
1782-05-01,10.99
1782-06-01,13.801
1782-07-01,13.925
1782-08-01,15.683
1782-09-01,12.398
1782-10-01,8.978
1782-11-01,4.956
1782-12-01,1.921
1783-01-01,-1.431
1783-02-01,5.294
1783-03-01,4.799
1783-04-01,8.574
1783-05-01,11.819
1783-06-01,14.34
1783-07-01,13.069
1783-08-01,13.971
1783-09-01,9.958
1783-10-01,7.357
1783-11-01,2.196
1783-12-01,2.224
1784-01-01,2.596
1784-02-01,989
1784-03-01,3.919
1784-04-01,8.142
1784-05-01,10.013
1784-06-01,12.803
1784-07-01,14.947
1784-08-01,15.861
1784-09-01,10.266
1784-10-01,6.836
1784-11-01,4.557
1784-12-01,3.415
1785-01-01,865
1785-02-01,1.045
1785-03-01,2.289
1785-04-01,6.379
1785-05-01,9.853
1785-06-01,13.744
1785-07-01,14.468
1785-08-01,14.466
1785-09-01,10.497
1785-10-01,7.351
1785-11-01,5.526
1785-12-01,1.873
1786-01-01,763
1786-02-01,2.657
1786-03-01,5.648
1786-04-01,9.318
1786-05-01,11.583
1786-06-01,13.035
1786-07-01,15.294
1786-08-01,14.455
1786-09-01,12.158
1786-10-01,7.712
1786-11-01,5.741
1786-12-01,734
1787-01-01,2.845
1787-02-01,2.563
1787-03-01,4.698
1787-04-01,7.772
1787-05-01,11.403
1787-06-01,14.369
1787-07-01,13.451
1787-08-01,13.555
1787-09-01,10.357
1787-10-01,7.772
1787-11-01,5.801
1787-12-01,1.796
1788-01-01,735
1788-02-01,3.581
1788-03-01,5.336
1788-04-01,8.714
1788-05-01,10.428
1788-06-01,13.808
1788-07-01,16.468
1788-08-01,13.885
1788-09-01,11.699
1788-10-01,9.349
1788-11-01,6.111
1788-12-01,1.252
1789-01-01,3.706
1789-02-01,1.675
1789-03-01,3.989
1789-04-01,7.694
1789-05-01,11.666
1789-06-01,13.507
1789-07-01,15.462
1789-08-01,13.84
1789-09-01,12.018
1789-10-01,7.39
1789-11-01,5.964
1789-12-01,3.099
1790-01-01,2.444
1790-02-01,2.973
1790-03-01,4.582
1790-04-01,6.053
1790-05-01,10.357
1790-06-01,13.746
1790-07-01,13.812
1790-08-01,13.925
1790-09-01,11.233
1790-10-01,8.577
1790-11-01,5.331
1790-12-01,2.755
1791-01-01,1.493
1791-02-01,3.466
1791-03-01,4.79
1791-04-01,9.127
1791-05-01,9.859
1791-06-01,13.231
1791-07-01,13.612
1791-08-01,13.744
1791-09-01,11.677
1791-10-01,08.08
1791-11-01,6.206
1791-12-01,3.526
1792-01-01,348
1792-02-01,3.62
1792-03-01,4.429
1792-04-01,7.994
1792-05-01,11.321
1792-06-01,13.581
1792-07-01,14.212
1792-08-01,12.281
1792-09-01,12.491
1792-10-01,8.097
1792-11-01,5.306
1792-12-01,3.388
1793-01-01,521
1793-02-01,4.745
1793-03-01,5.042
1793-04-01,8.643
1793-05-01,11.059
1793-06-01,13.146
1793-07-01,14.336
1793-08-01,13.16
1793-09-01,12.002
1793-10-01,8.393
1793-11-01,5.666
1793-12-01,2.037
1794-01-01,3.71
1794-02-01,3.605
1794-03-01,5.696
1794-04-01,9.367
1794-05-01,12.376
1794-06-01,11.994
1794-07-01,12.874
1794-08-01,13.484
1794-09-01,11.896
1794-10-01,9.108
1794-11-01,5.284
1794-12-01,2.918
1795-01-01,2.731
1795-02-01,4.39
1795-03-01,5.709
1795-04-01,8.918
1795-05-01,11.029
1795-06-01,13.293
1795-07-01,14.295
1795-08-01,13.14
1795-09-01,11.133
1795-10-01,7.786
1795-11-01,5.207
1795-12-01,2.573
1796-01-01,2.844
1796-02-01,2.736
1796-03-01,3.477
1796-04-01,7.773
1796-05-01,11.273
1796-06-01,14.216
1796-07-01,14.314
1796-08-01,14.722
1796-09-01,12.012
1796-10-01,8.924
1796-11-01,5.702
1796-12-01,1.259
1797-01-01,4.396
1797-02-01,4.957
1797-03-01,4.056
1797-04-01,6.6
1797-05-01,10.417
1797-06-01,13.852
1797-07-01,14.107
1797-08-01,14.04
1797-09-01,12.459
1797-10-01,9.191
1797-11-01,4.777
1797-12-01,3.275
1798-01-01,2.679
1798-02-01,3.213
1798-03-01,7.008
1798-04-01,8.083
1798-05-01,11.769
1798-06-01,13.246
1798-07-01,14.951
1798-08-01,14.754
1798-09-01,11.627
1798-10-01,8.655
1798-11-01,6.031
1798-12-01,2.027
1799-01-01,1.923
1799-02-01,2.078
1799-03-01,3.986
1799-04-01,8.786
1799-05-01,11.353
1799-06-01,13.68
1799-07-01,14.869
1799-08-01,14.086
1799-09-01,12.311
1799-10-01,9.606
1799-11-01,5.904
1799-12-01,3.487
1800-01-01,2.815
1800-02-01,3.634
1800-03-01,4.452
1800-04-01,9.125
1800-05-01,11.097
1800-06-01,13.606
1800-07-01,13.763
1800-08-01,13.619
1800-09-01,10.795
1800-10-01,9.469
1800-11-01,5.572
1800-12-01,3.864
1801-01-01,2.687
1801-02-01,3.149
1801-03-01,6.455
1801-04-01,7.404
1801-05-01,12.123
1801-06-01,12.536
1801-07-01,14.676
1801-08-01,13.187
1801-09-01,11.462
1801-10-01,9.099
1801-11-01,5.72
1801-12-01,4.578
1802-01-01,3.74
1802-02-01,2.828
1802-03-01,5.201
1802-04-01,7.623
1802-05-01,10.457
1802-06-01,14.471
1802-07-01,14.628
1802-08-01,14.039
1802-09-01,11.788
1802-10-01,9.747
1802-11-01,5.535
1802-12-01,2.881
1803-01-01,602
1803-02-01,1.443
1803-03-01,4.875
1803-04-01,9.291
1803-05-01,11.795
1803-06-01,13.821
1803-07-01,15.106
1803-08-01,15.366
1803-09-01,12.33
1803-10-01,9.119
1803-11-01,5.961
1803-12-01,2.327
1804-01-01,2.445
1804-02-01,1.939
1804-03-01,4.425
1804-04-01,10.057
1804-05-01,12.107
1804-06-01,13.774
1804-07-01,15.774
1804-08-01,14.511
1804-09-01,12.468
1804-10-01,9.282
1804-11-01,7.132
1804-12-01,2.224
1805-01-01,2.822
1805-02-01,2.557
1805-03-01,5.76
1805-04-01,8.123
1805-05-01,11.104
1805-06-01,14.027
1805-07-01,14.702
1805-08-01,15.27
1805-09-01,12.039
1805-10-01,7.636
1805-11-01,4.555
1805-12-01,4.158
1806-01-01,2.917
1806-02-01,2.937
1806-03-01,4.691
1806-04-01,8.032
1806-05-01,11.503
1806-06-01,12.418
1806-07-01,13.923
1806-08-01,14.593
1806-09-01,12.549
1806-10-01,8.426
1806-11-01,5.231
1806-12-01,3.989
1807-01-01,1.055
1807-02-01,4.094
1807-03-01,4.788
1807-04-01,6.971
1807-05-01,9.331
1807-06-01,13.293
1807-07-01,14.138
1807-08-01,13.799
1807-09-01,12.615
1807-10-01,8.857
1807-11-01,6.015
1807-12-01,4.421
1808-01-01,1.131
1808-02-01,2.142
1808-03-01,4.361
1808-04-01,7.482
1808-05-01,9.357
1808-06-01,13.429
1808-07-01,14.491
1808-08-01,13.047
1808-09-01,12.711
1808-10-01,7.972
1808-11-01,4.512
1808-12-01,887
1809-01-01,208
1809-02-01,856
1809-03-01,3.425
1809-04-01,7.833
1809-05-01,9.243
1809-06-01,12.998
1809-07-01,12.656
1809-08-01,12.905
1809-09-01,10.967
1809-10-01,8.65
1809-11-01,3.099
1809-12-01,2.077
1810-01-01,888
1810-02-01,2.391
1810-03-01,5.014
1810-04-01,6.533
1810-05-01,9.069
1810-06-01,11.934
1810-07-01,12.551
1810-08-01,12.041
1810-09-01,9.532
1810-10-01,6.632
1810-11-01,3.827
1810-12-01,2.66
1811-01-01,1.374
1811-02-01,0.45
1811-03-01,3.701
1811-04-01,6.302
1811-05-01,9.443
1811-06-01,12.137
1811-07-01,11.956
1811-08-01,13.326
1811-09-01,10.368
1811-10-01,6.58
1811-11-01,3.503
1811-12-01,3.174
1812-01-01,977
1812-02-01,131
1812-03-01,2.044
1812-04-01,6.95
1812-05-01,9.58
1812-06-01,12.005
1812-07-01,14.355
1812-08-01,15.018
1812-09-01,10.185
1812-10-01,7.593
1812-11-01,4.369
1812-12-01,1.348
1813-01-01,-1.385
1813-02-01,2.258
1813-03-01,1.596
1813-04-01,8.182
1813-05-01,11.367
1813-06-01,13.242
1813-07-01,14.521
1813-08-01,13.097
1813-09-01,12.339
1813-10-01,8.666
1813-11-01,6.825
1813-12-01,2.171
1814-01-01,1.502
1814-02-01,1.689
1814-03-01,2.664
1814-04-01,7.193
1814-05-01,9.417
1814-06-01,12.818
1814-07-01,12.532
1814-08-01,12.668
1814-09-01,10.676
1814-10-01,7.374
1814-11-01,6.739
1814-12-01,5.829
1815-01-01,2.051
1815-02-01,2.273
1815-03-01,3.663
1815-04-01,6.588
1815-05-01,9.845
1815-06-01,11.162
1815-07-01,14.394
1815-08-01,13.209
1815-09-01,11.151
1815-10-01,7.137
1815-11-01,4.178
1815-12-01,1.221
1816-01-01,2.737
1816-02-01,676
1816-03-01,3.905
1816-04-01,7.606
1816-05-01,10.594
1816-06-01,11.79
1816-07-01,12.267
1816-08-01,12.57
1816-09-01,10.39
1816-10-01,5.699
1816-11-01,4.058
1816-12-01,958
1817-01-01,1.54
1817-02-01,3.649
1817-03-01,4.569
1817-04-01,7.889
1817-05-01,9.476
1817-06-01,11.287
1817-07-01,12.072
1817-08-01,13.403
1817-09-01,8.812
1817-10-01,6.203
1817-11-01,4.638
1817-12-01,0.17
1818-01-01,1.204
1818-02-01,755
1818-03-01,5.565
1818-04-01,9.901
1818-05-01,11.247
1818-06-01,13.825
1818-07-01,13.51
1818-08-01,13.166
1818-09-01,10.578
1818-10-01,6.654
1818-11-01,5.035
1818-12-01,2.507
1819-01-01,1.014
1819-02-01,2.286
1819-03-01,2.931
1819-04-01,7.029
1819-05-01,9.851
1819-06-01,12.526
1819-07-01,13.038
1819-08-01,12.557
1819-09-01,10.894
1819-10-01,9.312
1819-11-01,5.15
1819-12-01,1.842
1820-01-01,1.236
1820-02-01,2.145
1820-03-01,4.618
1820-04-01,8.7
1820-05-01,11.62
1820-06-01,13.323
1820-07-01,13.311
1820-08-01,11.978
1820-09-01,11.16
1820-10-01,7.588
1820-11-01,4.443
1820-12-01,1.273
1821-01-01,2.999
1821-02-01,3.758
1821-03-01,5.462
1821-04-01,7.739
1821-05-01,11.3
1821-06-01,12.608
1821-07-01,13.039
1821-08-01,13.145
1821-09-01,10.178
1821-10-01,8.535
1821-11-01,5.601
1821-12-01,2.717
1822-01-01,2.759
1822-02-01,4.465
1822-03-01,7.787
1822-04-01,8.278
1822-05-01,10.486
1822-06-01,13.067
1822-07-01,14.212
1822-08-01,13.215
1822-09-01,10.695
1822-10-01,7.774
1822-11-01,4.501
1822-12-01,1.021
1823-01-01,1.758
1823-02-01,1.966
1823-03-01,5.068
1823-04-01,7.665
1823-05-01,10.563
1823-06-01,13.958
1823-07-01,14.197
1823-08-01,13.13
1823-09-01,10.198
1823-10-01,7.642
1823-11-01,4.508
1823-12-01,1.971
1824-01-01,2.651
1824-02-01,2.679
1824-03-01,5.357
1824-04-01,8.375
1824-05-01,11.132
1824-06-01,13.427
1824-07-01,14.83
1824-08-01,13.437
1824-09-01,11.528
1824-10-01,8.197
1824-11-01,5.877
1824-12-01,5.076
1825-01-01,3.213
1825-02-01,3.092
1825-03-01,5.365
1825-04-01,8.988
1825-05-01,10.751
1825-06-01,13.765
1825-07-01,14.007
1825-08-01,13.269
1825-09-01,11.148
1825-10-01,7.979
1825-11-01,6.058
1825-12-01,3.037
1826-01-01,1.893
1826-02-01,1.533
1826-03-01,4.888
1826-04-01,8.403
1826-05-01,11.804
1826-06-01,13.02
1826-07-01,14.482
1826-08-01,13.109
1826-09-01,11.178
1826-10-01,8.459
1826-11-01,6.634
1826-12-01,4.876
1827-01-01,3.593
1827-02-01,4.415
1827-03-01,6.141
1827-04-01,9.429
1827-05-01,11.807
1827-06-01,13.548
1827-07-01,14.684
1827-08-01,13.694
1827-09-01,10.883
1827-10-01,8.51
1827-11-01,6.279
1827-12-01,2.722
1828-01-01,595
1828-02-01,1.853
1828-03-01,5.729
1828-04-01,8.737
1828-05-01,11.281
1828-06-01,14.124
1828-07-01,14.384
1828-08-01,13.635
1828-09-01,10.08
1828-10-01,8.656
1828-11-01,5.957
1828-12-01,2.953
1829-01-01,2.032
1829-02-01,1.715
1829-03-01,5.061
1829-04-01,7.815
1829-05-01,11.336
1829-06-01,12.86
1829-07-01,14.225
1829-08-01,13.399
1829-09-01,10.598
1829-10-01,8.806
1829-11-01,5.003
1829-12-01,2.452
1830-01-01,2.957
1830-02-01,4.085
1830-03-01,4.454
1830-04-01,8.841
1830-05-01,10.202
1830-06-01,12.827
1830-07-01,14.942
1830-08-01,13.386
1830-09-01,10.54
1830-10-01,7.993
1830-11-01,7.493
1830-12-01,4.481
1831-01-01,2.182
1831-02-01,2.479
1831-03-01,4.558
1831-04-01,7.731
1831-05-01,10.994
1831-06-01,13.203
1831-07-01,13.58
1831-08-01,12.49
1831-09-01,9.946
1831-10-01,7.83
1831-11-01,4.412
1831-12-01,2.265
1832-01-01,1.717
1832-02-01,1.833
1832-03-01,4.65
1832-04-01,8.059
1832-05-01,10.489
1832-06-01,12.857
1832-07-01,13.727
1832-08-01,11.966
1832-09-01,10.426
1832-10-01,8.634
1832-11-01,4.262
1832-12-01,782
1833-01-01,2.006
1833-02-01,2.815
1833-03-01,4.521
1833-04-01,7.869
1833-05-01,10.581
1833-06-01,13.049
1833-07-01,13.803
1833-08-01,13.222
1833-09-01,11.236
1833-10-01,7.9
1833-11-01,6.596
1833-12-01,2.558
1834-01-01,334
1834-02-01,2.329
1834-03-01,5.736
1834-04-01,8.085
1834-05-01,11.234
1834-06-01,12.799
1834-07-01,14.197
1834-08-01,13.412
1834-09-01,11.571
1834-10-01,8.617
1834-11-01,6.355
1834-12-01,3.092
1835-01-01,2.551
1835-02-01,2.967
1835-03-01,4.507
1835-04-01,7.769
1835-05-01,10.171
1835-06-01,12.007
1835-07-01,13.129
1835-08-01,12.322
1835-09-01,9.942
1835-10-01,7.835
1835-11-01,4.312
1835-12-01,1.198
1836-01-01,1.67
1836-02-01,2.371
1836-03-01,5.448
1836-04-01,7.315
1836-05-01,10.279
1836-06-01,12.549
1836-07-01,13.646
1836-08-01,12.83
1836-09-01,10.812
1836-10-01,8.756
1836-11-01,3.814
1836-12-01,2.86
1837-01-01,1.94
1837-02-01,2.619
1837-03-01,3.865
1837-04-01,6.556
1837-05-01,9.973
1837-06-01,12.099
1837-07-01,13.526
1837-08-01,13.018
1837-09-01,10.805
1837-10-01,7.653
1837-11-01,4.169
1837-12-01,2.285
1838-01-01,-557
1838-02-01,1.563
1838-03-01,3.723
1838-04-01,7.383
1838-05-01,9.985
1838-06-01,12.742
1838-07-01,14.367
1838-08-01,13.568
1838-09-01,11.106
1838-10-01,8.526
1838-11-01,5.16
1838-12-01,2.613
1839-01-01,2.156
1839-02-01,3.482
1839-03-01,2.673
1839-04-01,7.892
1839-05-01,10.289
1839-06-01,12.548
1839-07-01,14.411
1839-08-01,14.07
1839-09-01,10.853
1839-10-01,8.219
1839-11-01,3.92
1839-12-01,1.074
1840-01-01,2.561
1840-02-01,2.102
1840-03-01,04.04
1840-04-01,7.943
1840-05-01,11.173
1840-06-01,13.411
1840-07-01,14.714
1840-08-01,13.086
1840-09-01,11.01
1840-10-01,7.505
1840-11-01,4.101
1840-12-01,1.909
1841-01-01,649
1841-02-01,2.468
1841-03-01,3.307
1841-04-01,6.77
1841-05-01,10.764
1841-06-01,13.062
1841-07-01,14.552
1841-08-01,13.708
1841-09-01,10.921
1841-10-01,8.765
1841-11-01,4.744
1841-12-01,2.548
1842-01-01,1.636
1842-02-01,2.787
1842-03-01,5.75
1842-04-01,8.31
1842-05-01,10.535
1842-06-01,12.629
1842-07-01,13.584
1842-08-01,13.241
1842-09-01,10.94
1842-10-01,8.307
1842-11-01,4.824
1842-12-01,3.73
1843-01-01,2.974
1843-02-01,3.92
1843-03-01,4.744
1843-04-01,7.83
1843-05-01,10.04
1843-06-01,12.53
1843-07-01,13.991
1843-08-01,13.295
1843-09-01,11.326
1843-10-01,8.722
1843-11-01,4.947
1843-12-01,3.765
1844-01-01,1.868
1844-02-01,2.038
1844-03-01,4.734
1844-04-01,7.389
1844-05-01,10.109
1844-06-01,12.84
1844-07-01,13.921
1844-08-01,13.046
1844-09-01,10.819
1844-10-01,8.7
1844-11-01,4.401
1844-12-01,1.891
1845-01-01,2.661
1845-02-01,1.627
1845-03-01,4.651
1845-04-01,8.158
1845-05-01,10.433
1845-06-01,12.863
1845-07-01,14.319
1845-08-01,13.556
1845-09-01,11.234
1845-10-01,7.782
1845-11-01,5.194
1845-12-01,1.736
1846-01-01,3.213
1846-02-01,3.376
1846-03-01,6.314
1846-04-01,7.473
1846-05-01,10.896
1846-06-01,13.53
1846-07-01,14.923
1846-08-01,14.121
1846-09-01,11.738
1846-10-01,8.229
1846-11-01,5.044
1846-12-01,3.776
1847-01-01,2.753
1847-02-01,3.602
1847-03-01,4.046
1847-04-01,7.98
1847-05-01,10.622
1847-06-01,12.828
1847-07-01,14.25
1847-08-01,13.414
1847-09-01,11.619
1847-10-01,8.618
1847-11-01,5.574
1847-12-01,1.726
1848-01-01,0.51
1848-02-01,3.726
1848-03-01,4.806
1848-04-01,8.11
1848-05-01,10.58
1848-06-01,13.247
1848-07-01,14.466
1848-08-01,13.268
1848-09-01,10.997
1848-10-01,8.655
1848-11-01,5.29
1848-12-01,2.099
1849-01-01,1.941
1849-02-01,2.638
1849-03-01,5.302
1849-04-01,7.028
1849-05-01,10.159
1849-06-01,13
1849-07-01,14.458
1849-08-01,13.603
1849-09-01,11.093
1849-10-01,8.89
1849-11-01,5.778
1849-12-01,1.923
1850-01-01,749
1850-02-01,3.071
1850-03-01,4.954
1850-04-01,7.217
1850-05-01,10.004
1850-06-01,13.15
1850-07-01,14.492
1850-08-01,14.039
1850-09-01,11.505
1850-10-01,8.091
1850-11-01,4.733
1850-12-01,2.803
1851-01-01,2.431
1851-02-01,2.508
1851-03-01,4.192
1851-04-01,7.287
1851-05-01,11.113
1851-06-01,13.418
1851-07-01,14.531
1851-08-01,13.751
1851-09-01,11.677
1851-10-01,9.122
1851-11-01,4.973
1851-12-01,3.14
1852-01-01,2.376
1852-02-01,2.54
1852-03-01,3.884
1852-04-01,7.487
1852-05-01,11.169
1852-06-01,13.164
1852-07-01,14.512
1852-08-01,13.304
1852-09-01,11.478
1852-10-01,8.91
1852-11-01,4.593
1852-12-01,3.785
1853-01-01,1.786
1853-02-01,2.228
1853-03-01,4.078
1853-04-01,7.541
1853-05-01,10.975
1853-06-01,13.41
1853-07-01,14.645
1853-08-01,13.953
1853-09-01,11.71
1853-10-01,8.535
1853-11-01,4.783
1853-12-01,2.858
1854-01-01,1.281
1854-02-01,1.941
1854-03-01,4.698
1854-04-01,7.622
1854-05-01,11.095
1854-06-01,12.829
1854-07-01,14.692
1854-08-01,13.889
1854-09-01,11.514
1854-10-01,9.763
1854-11-01,5.745
1854-12-01,3.457
1855-01-01,2.522
1855-02-01,2.982
1855-03-01,4.617
1855-04-01,8.58
1855-05-01,11.186
1855-06-01,12.984
1855-07-01,13.926
1855-08-01,13.547
1855-09-01,11.141
1855-10-01,8.444
1855-11-01,5.186
1855-12-01,2.214
1856-01-01,2.76
1856-02-01,2.226
1856-03-01,4.372
1856-04-01,7.751
1856-05-01,10.53
1856-06-01,13.496
1856-07-01,14.019
1856-08-01,13.021
1856-09-01,10.948
1856-10-01,8.087
1856-11-01,5.36
1856-12-01,3.381
1857-01-01,1.821
1857-02-01,2.481
1857-03-01,4.312
1857-04-01,6.827
1857-05-01,9.885
1857-06-01,12.611
1857-07-01,13.953
1857-08-01,13.203
1857-09-01,11.056
1857-10-01,8.198
1857-11-01,5.236
1857-12-01,3.515
1858-01-01,2.739
1858-02-01,2.284
1858-03-01,4.834
1858-04-01,8.25
1858-05-01,10.851
1858-06-01,12.956
1858-07-01,13.677
1858-08-01,13.22
1858-09-01,11.148
1858-10-01,8.81
1858-11-01,5.99
1858-12-01,2.444
1859-01-01,2.015
1859-02-01,2.611
1859-03-01,5.023
1859-04-01,8.542
1859-05-01,11.456
1859-06-01,13.142
1859-07-01,13.827
1859-08-01,13.217
1859-09-01,11.08
1859-10-01,8.834
1859-11-01,5.912
1859-12-01,3.365
1860-01-01,2.077
1860-02-01,2.632
1860-03-01,3.494
1860-04-01,7.76
1860-05-01,11.062
1860-06-01,13.272
1860-07-01,14.203
1860-08-01,13.765
1860-09-01,11.892
1860-10-01,8.712
1860-11-01,5.027
1860-12-01,1.634
1861-01-01,404
1861-02-01,2.137
1861-03-01,4.489
1861-04-01,7.487
1861-05-01,10.516
1861-06-01,13.017
1861-07-01,13.967
1861-08-01,13.656
1861-09-01,11.409
1861-10-01,8.475
1861-11-01,5.707
1861-12-01,2.894
1862-01-01,685
1862-02-01,1.769
1862-03-01,4.485
1862-04-01,7.323
1862-05-01,10.739
1862-06-01,12.86
1862-07-01,13.928
1862-08-01,13.188
1862-09-01,11.028
1862-10-01,8.283
1862-11-01,4.792
1862-12-01,1.623
1863-01-01,3.034
1863-02-01,3.253
1863-03-01,4.682
1863-04-01,7.931
1863-05-01,11.081
1863-06-01,12.794
1863-07-01,13.765
1863-08-01,13.294
1863-09-01,11.23
1863-10-01,8.235
1863-11-01,5.392
1863-12-01,2.651
1864-01-01,1.551
1864-02-01,2.506
1864-03-01,4.651
1864-04-01,7.515
1864-05-01,10.956
1864-06-01,13.365
1864-07-01,14.162
1864-08-01,13.434
1864-09-01,11.37
1864-10-01,8.795
1864-11-01,5.232
1864-12-01,2.266
1865-01-01,2.975
1865-02-01,2.152
1865-03-01,4.039
1865-04-01,7.314
1865-05-01,10.917
1865-06-01,13.214
1865-07-01,14.22
1865-08-01,13.58
1865-09-01,11.797
1865-10-01,9.136
1865-11-01,6.144
1865-12-01,2.646
1866-01-01,2.932
1866-02-01,2.274
1866-03-01,4.421
1866-04-01,7.914
1866-05-01,10.898
1866-06-01,12.853
1866-07-01,14.602
1866-08-01,13.532
1866-09-01,11.527
1866-10-01,8.506
1866-11-01,5.895
1866-12-01,4.152
1867-01-01,2.482
1867-02-01,2.664
1867-03-01,4.454
1867-04-01,8.258
1867-05-01,10.495
1867-06-01,13.303
1867-07-01,14.223
1867-08-01,13.506
1867-09-01,11.763
1867-10-01,9.212
1867-11-01,6.939
1867-12-01,3.937
1868-01-01,1.834
1868-02-01,2.039
1868-03-01,4.538
1868-04-01,8.183
1868-05-01,11.308
1868-06-01,13.162
1868-07-01,14.514
1868-08-01,13.744
1868-09-01,11.669
1868-10-01,9.448
1868-11-01,5.192
1868-12-01,3.344
1869-01-01,2.115
1869-02-01,3.864
1869-03-01,4.374
1869-04-01,7.921
1869-05-01,11.295
1869-06-01,13.537
1869-07-01,14.337
1869-08-01,14.01
1869-09-01,12.247
1869-10-01,9.006
1869-11-01,5.773
1869-12-01,2.706
1870-01-01,2.082
1870-02-01,2.134
1870-03-01,4.656
1870-04-01,7.879
1870-05-01,11.339
1870-06-01,13.653
1870-07-01,14.599
1870-08-01,13.484
1870-09-01,11.952
1870-10-01,8.81
1870-11-01,5.6
1870-12-01,2.228
1871-01-01,1.447
1871-02-01,1.736
1871-03-01,4.685
1871-04-01,8.34
1871-05-01,10.788
1871-06-01,13.08
1871-07-01,14.29
1871-08-01,13.932
1871-09-01,11.711
1871-10-01,9.096
1871-11-01,5.113
1871-12-01,3.163
1872-01-01,1.652
1872-02-01,2.35
1872-03-01,4.922
1872-04-01,7.846
1872-05-01,11.198
1872-06-01,13.055
1872-07-01,14.285
1872-08-01,13.821
1872-09-01,11.958
1872-10-01,9.24
1872-11-01,5.372
1872-12-01,2.627
1873-01-01,2.013
1873-02-01,3.195
1873-03-01,4.704
1873-04-01,7.462
1873-05-01,11.006
1873-06-01,13.405
1873-07-01,14.287
1873-08-01,13.755
1873-09-01,11.487
1873-10-01,9.234
1873-11-01,5.819
1873-12-01,3.846
1874-01-01,2.685
1874-02-01,3.069
1874-03-01,4.221
1874-04-01,8.231
1874-05-01,11.306
1874-06-01,13.306
1874-07-01,14.122
1874-08-01,13.815
1874-09-01,12.111
1874-10-01,9.12
1874-11-01,5.809
1874-12-01,3.407
1875-01-01,1.533
1875-02-01,2.259
1875-03-01,4.256
1875-04-01,7.636
1875-05-01,10.746
1875-06-01,13.157
1875-07-01,14.144
1875-08-01,13.401
1875-09-01,11.319
1875-10-01,8.585
1875-11-01,4.614
1875-12-01,2.665
1876-01-01,1.856
1876-02-01,2.617
1876-03-01,4.748
1876-04-01,8.199
1876-05-01,10.69
1876-06-01,13.131
1876-07-01,14.319
1876-08-01,13.481
1876-09-01,11.687
1876-10-01,8.946
1876-11-01,5.093
1876-12-01,2.194
1877-01-01,2.286
1877-02-01,2.928
1877-03-01,5.297
1877-04-01,8.039
1877-05-01,11.056
1877-06-01,13.384
1877-07-01,14.642
1877-08-01,14.151
1877-09-01,12.075
1877-10-01,9.273
1877-11-01,6.348
1877-12-01,2.996
1878-01-01,2.017
1878-02-01,3.728
1878-03-01,6.608
1878-04-01,8.899
1878-05-01,11.017
1878-06-01,13.796
1878-07-01,14.742
1878-08-01,14.094
1878-09-01,12.093
1878-10-01,9.173
1878-11-01,6.446
1878-12-01,3.344
1879-01-01,2.303
1879-02-01,2.737
1879-03-01,4.924
1879-04-01,7.768
1879-05-01,10.803
1879-06-01,13.23
1879-07-01,14.238
1879-08-01,13.245
1879-09-01,11.449
1879-10-01,9.229
1879-11-01,5.526
1879-12-01,2.538
1880-01-01,1.755
1880-02-01,2.052
1880-03-01,4.63
1880-04-01,7.559
1880-05-01,11.096
1880-06-01,13.327
1880-07-01,14.141
1880-08-01,13.807
1880-09-01,11.386
1880-10-01,8.673
1880-11-01,5.893
1880-12-01,3.106
1881-01-01,2.461
1881-02-01,2.626
1881-03-01,05.01
1881-04-01,8.323
1881-05-01,11.165
1881-06-01,12.745
1881-07-01,14.203
1881-08-01,13.71
1881-09-01,11.689
1881-10-01,8.851
1881-11-01,5.272
1881-12-01,3.196
1882-01-01,2.99
1882-02-01,3.231
1882-03-01,05.04
1882-04-01,7.691
1882-05-01,10.888
1882-06-01,12.805
1882-07-01,13.747
1882-08-01,13.703
1882-09-01,11.736
1882-10-01,8.445
1882-11-01,5.066
1882-12-01,2.205
1883-01-01,1.46
1883-02-01,1.856
1883-03-01,4.929
1883-04-01,7.691
1883-05-01,10.832
1883-06-01,13.302
1883-07-01,14.011
1883-08-01,13.224
1883-09-01,11.343
1883-10-01,8.909
1883-11-01,4.905
1883-12-01,3.261
1884-01-01,2.12
1884-02-01,2.474
1884-03-01,3.892
1884-04-01,7.186
1884-05-01,10.198
1884-06-01,12.527
1884-07-01,13.622
1884-08-01,13.257
1884-09-01,11.235
1884-10-01,8.581
1884-11-01,5.164
1884-12-01,3.028
1885-01-01,1.003
1885-02-01,2.243
1885-03-01,4.622
1885-04-01,7.336
1885-05-01,10.567
1885-06-01,12.716
1885-07-01,13.972
1885-08-01,13.351
1885-09-01,11.435
1885-10-01,8.722
1885-11-01,5.425
1885-12-01,3.644
1886-01-01,1.436
1886-02-01,1.793
1886-03-01,4.262
1886-04-01,7.909
1886-05-01,10.784
1886-06-01,12.789
1886-07-01,14.226
1886-08-01,13.323
1886-09-01,11.6
1886-10-01,8.604
1886-11-01,5.226
1886-12-01,3.502
1887-01-01,824
1887-02-01,2.054
1887-03-01,4.552
1887-04-01,7.789
1887-05-01,10.84
1887-06-01,12.89
1887-07-01,14.021
1887-08-01,13.097
1887-09-01,11.707
1887-10-01,8.738
1887-11-01,5.592
1887-12-01,2.875
1888-01-01,1.708
1888-02-01,2.039
1888-03-01,4.3
1888-04-01,7.845
1888-05-01,10.62
1888-06-01,12.921
1888-07-01,14.242
1888-08-01,13.511
1888-09-01,11.685
1888-10-01,9.201
1888-11-01,5.792
1888-12-01,3.222
1889-01-01,1.762
1889-02-01,3.409
1889-03-01,5.299
1889-04-01,8.589
1889-05-01,11.242
1889-06-01,13.288
1889-07-01,14.225
1889-08-01,13.504
1889-09-01,11.547
1889-10-01,8.865
1889-11-01,4.999
1889-12-01,3.099
1890-01-01,1.836
1890-02-01,2.516
1890-03-01,4.21
1890-04-01,7.739
1890-05-01,10.464
1890-06-01,12.872
1890-07-01,14.034
1890-08-01,13.266
1890-09-01,11.546
1890-10-01,9.178
1890-11-01,05.03
1890-12-01,2.969
1891-01-01,1.678
1891-02-01,1.88
1891-03-01,4.755
1891-04-01,7.618
1891-05-01,10.785
1891-06-01,12.888
1891-07-01,13.93
1891-08-01,13.496
1891-09-01,11.763
1891-10-01,8.722
1891-11-01,5.115
1891-12-01,3.602
1892-01-01,2.018
1892-02-01,2.805
1892-03-01,4.362
1892-04-01,7.562
1892-05-01,10.622
1892-06-01,13.263
1892-07-01,13.89
1892-08-01,13.42
1892-09-01,11.764
1892-10-01,9.29
1892-11-01,4.859
1892-12-01,2.935
1893-01-01,0.5
1893-02-01,1.654
1893-03-01,4.979
1893-04-01,7.994
1893-05-01,10.747
1893-06-01,13.051
1893-07-01,14.318
1893-08-01,13.454
1893-09-01,11.767
1893-10-01,9.16
1893-11-01,5.902
1893-12-01,3.155
1894-01-01,1.691
1894-02-01,2.923
1894-03-01,5.118
1894-04-01,7.663
1894-05-01,10.944
1894-06-01,12.858
1894-07-01,14.004
1894-08-01,13.488
1894-09-01,11.58
1894-10-01,9.125
1894-11-01,5.405
1894-12-01,3.133
1895-01-01,1.295
1895-02-01,2
1895-03-01,4.689
1895-04-01,8.247
1895-05-01,10.867
1895-06-01,13.058
1895-07-01,14.053
1895-08-01,13.489
1895-09-01,11.743
1895-10-01,9.117
1895-11-01,5.744
1895-12-01,3.462
1896-01-01,2.291
1896-02-01,2.707
1896-03-01,4.279
1896-04-01,7.33
1896-05-01,10.893
1896-06-01,13.304
1896-07-01,14.233
1896-08-01,13.624
1896-09-01,11.824
1896-10-01,9.416
1896-11-01,5.366
1896-12-01,3.312
1897-01-01,1.893
1897-02-01,2.429
1897-03-01,4.345
1897-04-01,8.278
1897-05-01,11.377
1897-06-01,13.319
1897-07-01,14.31
1897-08-01,13.668
1897-09-01,11.925
1897-10-01,9.197
1897-11-01,5.608
1897-12-01,3.171
1898-01-01,2.737
1898-02-01,2.354
1898-03-01,3.751
1898-04-01,7.907
1898-05-01,10.835
1898-06-01,13.395
1898-07-01,14.138
1898-08-01,13.579
1898-09-01,11.753
1898-10-01,8.828
1898-11-01,5.452
1898-12-01,3.407
1899-01-01,2.515
1899-02-01,2.38
1899-03-01,4.618
1899-04-01,8.281
1899-05-01,11.023
1899-06-01,12.856
1899-07-01,14.159
1899-08-01,13.777
1899-09-01,12.128
1899-10-01,9.409
1899-11-01,6.605
1899-12-01,3.005
01/01/00,1.461
01/02/00,3.098
01/03/00,5.492
01/04/00,8.223
01/05/00,11.385
01/06/00,13.293
01/07/00,14.171
01/08/00,13.816
01/09/00,11.955
01/10/00,9.666
01/11/00,5.804
01/12/00,3.655
01/01/01,2.191
01/02/01,3.092
01/03/01,5.671
01/04/01,8.522
01/05/01,11.178
01/06/01,13.423
01/07/01,14.339
01/08/01,13.789
01/09/01,11.984
01/10/01,9.003
01/11/01,5.976
01/12/01,3.335
01/01/02,2.684
01/02/02,3.606
01/03/02,4.883
01/04/02,7.956
01/05/02,10.893
01/06/02,13.214
01/07/02,14.231
01/08/02,13.599
01/09/02,11.799
01/10/02,8.801
01/11/02,5.274
01/12/02,2.713
01/01/03,2.514
01/02/03,3.555
01/03/03,4.93
01/04/03,7.832
01/05/03,10.794
01/06/03,12.886
01/07/03,13.992
01/08/03,13.412
01/09/03,11.501
01/10/03,8.812
01/11/03,5.516
01/12/03,2.898
01/01/04,1.637
01/02/04,2.297
01/03/04,4.506
01/04/04,7.684
01/05/04,10.84
01/06/04,13.014
01/07/04,13.836
01/08/04,13.459
01/09/04,11.381
01/10/04,8.833
01/11/04,6.23
01/12/04,3.374
01/01/05,2.254
01/02/05,1.927
01/03/05,4.635
01/04/05,7.755
01/05/05,10.982
01/06/05,13.112
01/07/05,14.077
01/08/05,13.578
01/09/05,11.804
01/10/05,9.041
01/11/05,6.183
01/12/05,3.354
01/01/06,2.068
01/02/06,2.301
01/03/06,4.866
01/04/06,8.626
01/05/06,11.24
01/06/06,13.334
01/07/06,14.122
01/08/06,13.691
01/09/06,11.772
01/10/06,9.267
01/11/06,5.501
01/12/06,3.761
01/01/07,1.798
01/02/07,2.117
01/03/07,4.575
01/04/07,7.579
01/05/07,10.375
01/06/07,12.729
01/07/07,13.769
01/08/07,13.362
01/09/07,11.665
01/10/07,9.234
01/11/07,5.207
01/12/07,2.956
01/01/08,2.304
01/02/08,2.769
01/03/08,4.136
01/04/08,7.832
01/05/08,11.141
01/06/08,13.293
01/07/08,14.197
01/08/08,13.376
01/09/08,11.977
01/10/08,8.865
01/11/08,5.272
01/12/08,3.071
01/01/09,1.395
01/02/09,2.706
01/03/09,4.589
01/04/09,7.534
01/05/09,10.611
01/06/09,12.962
01/07/09,14.06
01/08/09,13.752
01/09/09,11.879
01/10/09,9.192
01/11/09,6.236
01/12/09,3.223
01/01/10,2.333
01/02/10,2.779
01/03/10,4.606
01/04/10,8.105
01/05/10,11.005
01/06/10,13.151
01/07/10,14.279
01/08/10,13.677
01/09/10,11.733
01/10/10,9.006
01/11/10,5.318
01/12/10,2.684
01/01/11,1.66
01/02/11,2.453
01/03/11,4.347
01/04/11,7.99
01/05/11,10.829
01/06/11,13.009
01/07/11,14.082
01/08/11,13.499
01/09/11,11.638
01/10/11,9.263
01/11/11,5.964
01/12/11,3.39
01/01/12,2.402
01/02/12,3.354
01/03/12,4.356
01/04/12,8.229
01/05/12,11.254
01/06/12,13.435
01/07/12,13.723
01/08/12,13.053
01/09/12,11.222
01/10/12,8.367
01/11/12,5.521
01/12/12,3.069
01/01/13,2.083
01/02/13,2.376
01/03/13,4.517
01/04/13,8.023
01/05/13,10.745
01/06/13,13.005
01/07/13,14.137
01/08/13,13.724
01/09/13,11.759
01/10/13,9.077
01/11/13,6.024
01/12/13,4.103
01/01/14,3.376
01/02/14,3.2
01/03/14,4.942
01/04/14,8.098
01/05/14,11.285
01/06/14,13.496
01/07/14,14.298
01/08/14,13.73
01/09/14,11.915
01/10/14,9.387
01/11/14,5.759
01/12/14,3.6
01/01/15,2.299
01/02/15,3.265
01/03/15,5.143
01/04/15,8.705
01/05/15,11.493
01/06/15,13.3
01/07/15,14.443
01/08/15,13.77
01/09/15,11.867
01/10/15,8.984
01/11/15,6.216
01/12/15,3.633
01/01/16,2.616
01/02/16,2.957
01/03/16,4.846
01/04/16,8.047
01/05/16,10.972
01/06/16,12.942
01/07/16,14.052
01/08/16,13.58
01/09/16,11.726
01/10/16,9.053
01/11/16,5.596
01/12/16,2.316
01/01/17,2.133
01/02/17,2.36
01/03/17,4.488
01/04/17,7.855
01/05/17,10.443
01/06/17,12.915
01/07/17,14.259
01/08/17,13.471
01/09/17,11.745
01/10/17,8.544
01/11/17,5.82
01/12/17,2.247
01/01/18,1.934
01/02/18,2.455
01/03/18,4.811
01/04/18,7.644
01/05/18,10.54
01/06/18,12.908
01/07/18,14.002
01/08/18,13.431
01/09/18,11.881
01/10/18,9.433
01/11/18,5.683
01/12/18,2.848
01/01/19,2.184
01/02/19,2.852
01/03/19,4.743
01/04/19,8.487
01/05/19,10.969
01/06/19,13.228
01/07/19,14.274
01/08/19,13.786
01/09/19,11.99
01/10/19,9.361
01/11/19,5.489
01/12/19,3.224
01/01/20,2.841
01/02/20,2.755
01/03/20,5.227
01/04/20,8.293
01/05/20,11.131
01/06/20,13.105
01/07/20,14.245
01/08/20,13.698
01/09/20,11.794
01/10/20,9.021
01/11/20,5.566
01/12/20,2.629
01/01/21,2.98
01/02/21,3.125
01/03/21,5.081
01/04/21,8.324
01/05/21,11.245
01/06/21,13.44
01/07/21,14.436
01/08/21,13.561
01/09/21,11.869
01/10/21,9.264
01/11/21,5.864
01/12/21,3.663
01/01/22,2.15
01/02/22,2.376
01/03/22,5.156
01/04/22,8.38
01/05/22,11.097
01/06/22,13.331
01/07/22,14.278
01/08/22,13.584
01/09/22,11.775
01/10/22,9.056
01/11/22,6.046
01/12/22,3.667
01/01/23,2.487
01/02/23,2.563
01/03/23,4.866
01/04/23,7.749
01/05/23,10.849
01/06/23,13.296
01/07/23,13.984
01/08/23,13.611
01/09/23,11.883
01/10/23,9.52
01/11/23,6.378
01/12/23,3.88
01/01/24,2.339
01/02/24,2.888
01/03/24,5.352
01/04/24,7.97
01/05/24,11.188
01/06/24,13.342
01/07/24,14.304
01/08/24,13.654
01/09/24,11.957
01/10/24,9.203
01/11/24,6.4
01/12/24,3.485
01/01/25,2.268
01/02/25,2.701
01/03/25,5.126
01/04/25,8.442
01/05/25,11.039
01/06/25,13.089
01/07/25,14.066
01/08/25,13.769
01/09/25,11.979
01/10/25,9.196
01/11/25,6.34
01/12/25,4.398
01/01/26,3.453
01/02/26,3.717
01/03/26,5.831
01/04/26,8.193
01/05/26,10.931
01/06/26,13.285
01/07/26,14.168
01/08/26,13.877
01/09/26,12.075
01/10/26,9.55
01/11/26,6.3
01/12/26,3.366
01/01/27,2.372
01/02/27,3.039
01/03/27,4.668
01/04/27,8.035
01/05/27,11.104
01/06/27,13.272
01/07/27,14.323
01/08/27,13.698
01/09/27,12.254
01/10/27,9.887
01/11/27,6.346
01/12/27,3.267
01/01/28,3.046
01/02/28,3.333
01/03/28,4.959
01/04/28,8.244
01/05/28,11.169
01/06/28,13.113
01/07/28,14.31
01/08/28,13.687
01/09/28,12.03
01/10/28,9.486
01/11/28,6.336
01/12/28,3.873
01/01/29,2.054
01/02/29,2.172
01/03/29,5.099
01/04/29,8.094
01/05/29,10.915
01/06/29,12.928
01/07/29,13.957
01/08/29,13.68
01/09/29,11.807
01/10/29,9.46
01/11/29,6.172
01/12/29,2.571
01/01/30,2.401
01/02/30,3.152
01/03/30,5.483
01/04/30,8.182
01/05/30,11.105
01/06/30,13.347
01/07/30,14.465
01/08/30,13.928
01/09/30,11.874
01/10/30,9.261
01/11/30,6.574
01/12/30,3.831
01/01/31,2.761
01/02/31,2.708
01/03/31,5.22
01/04/31,8.163
01/05/31,11.02
01/06/31,13.573
01/07/31,14.576
01/08/31,14.12
01/09/31,12.283
01/10/31,9.937
01/11/31,6.243
01/12/31,4.027
01/01/32,3.604
01/02/32,2.989
01/03/32,4.94
01/04/32,8.769
01/05/32,11.239
01/06/32,13.383
01/07/32,14.372
01/08/32,13.74
01/09/32,12.31
01/10/32,9.682
01/11/32,5.908
01/12/32,3.527
01/01/33,2.169
01/02/33,2.657
01/03/33,4.869
01/04/33,8.125
01/05/33,11.047
01/06/33,13.11
01/07/33,14.236
01/08/33,13.76
01/09/33,11.854
01/10/33,9.238
01/11/33,5.89
01/12/33,3.104
01/01/34,2.476
01/02/34,3.699
01/03/34,4.818
01/04/34,8.016
01/05/34,11.478
01/06/34,13.402
01/07/34,14.343
01/08/34,13.778
01/09/34,11.727
01/10/34,9.421
01/11/34,6.397
01/12/34,3.985
01/01/35,2.175
01/02/35,4.125
01/03/35,5.399
01/04/35,7.771
01/05/35,10.906
01/06/35,13.326
01/07/35,14.331
01/08/35,13.775
01/09/35,11.999
01/10/35,9.516
01/11/35,5.443
01/12/35,3.423
01/01/36,2.249
01/02/36,2.506
01/03/36,5.031
01/04/36,8.127
01/05/36,11.251
01/06/36,13.363
01/07/36,14.629
01/08/36,13.86
01/09/36,12.021
01/10/36,9.457
01/11/36,6.233
01/12/36,3.921
01/01/37,2.453
01/02/37,3.553
01/03/37,4.851
01/04/37,8.14
01/05/37,11.422
01/06/37,13.603
01/07/37,14.375
01/08/37,14.007
01/09/37,12.413
01/10/37,9.729
01/11/37,6.356
01/12/37,3.478
01/01/38,2.91
01/02/38,3.417
01/03/38,5.651
01/04/38,8.913
01/05/38,11.456
01/06/38,13.321
01/07/38,14.482
01/08/38,13.963
01/09/38,12.427
01/10/38,9.784
01/11/38,6.53
01/12/38,3.51
01/01/39,2.932
01/02/39,3.232
01/03/39,4.926
01/04/39,8.328
01/05/39,11.524
01/06/39,13.531
01/07/39,14.395
01/08/39,13.932
01/09/39,11.958
01/10/39,9.218
01/11/39,6.189
01/12/39,4.959
01/01/40,2.335
01/02/40,3.423
01/03/40,5.424
01/04/40,8.756
01/05/40,11.338
01/06/40,13.583
01/07/40,14.571
01/08/40,13.811
01/09/40,12.268
01/10/40,9.457
01/11/40,6.076
01/12/40,4.134
01/01/41,2.735
01/02/41,3.67
01/03/41,5.213
01/04/41,8.575
01/05/41,11.493
01/06/41,13.63
01/07/41,14.694
01/08/41,14.028
01/09/41,11.816
01/10/41,9.71
01/11/41,5.953
01/12/41,3.707
01/01/42,3.103
01/02/42,2.857
01/03/42,5.308
01/04/42,8.416
01/05/42,11.338
01/06/42,13.578
01/07/42,14.242
01/08/42,13.786
01/09/42,12.146
01/10/42,9.627
01/11/42,6.395
01/12/42,3.945
01/01/43,2.396
01/02/43,3.513
01/03/43,5.138
01/04/43,8.638
01/05/43,11.485
01/06/43,13.161
01/07/43,14.46
01/08/43,13.774
01/09/43,12.096
01/10/43,9.907
01/11/43,6.26
01/12/43,4.233
01/01/44,3.504
01/02/44,3.591
01/03/44,5.531
01/04/44,8.434
01/05/44,11.334
01/06/44,13.478
01/07/44,14.468
01/08/44,14.017
01/09/44,12.45
01/10/44,9.808
01/11/44,6.091
01/12/44,3.434
01/01/45,2.525
01/02/45,2.646
01/03/45,5.184
01/04/45,8.681
01/05/45,11.097
01/06/45,13.328
01/07/45,14.213
01/08/45,14.313
01/09/45,12.225
01/10/45,9.575
01/11/45,6.073
01/12/45,3.158
01/01/46,2.979
01/02/46,3.461
01/03/46,5.236
01/04/46,8.837
01/05/46,11.355
01/06/46,13.298
01/07/46,14.409
01/08/46,13.834
01/09/46,12.064
01/10/46,9.281
01/11/46,6.235
01/12/46,3.134
01/01/47,2.597
01/02/47,3.277
01/03/47,5.801
01/04/47,8.686
01/05/47,11.329
01/06/47,13.459
01/07/47,14.349
01/08/47,13.827
01/09/47,12.166
01/10/47,10.011
01/11/47,6.407
01/12/47,3.656
01/01/48,3.366
01/02/48,3.22
01/03/48,4.919
01/04/48,8.499
01/05/48,11.537
01/06/48,13.664
01/07/48,14.445
01/08/48,13.896
01/09/48,12.155
01/10/48,9.584
01/11/48,6.185
01/12/48,3.491
01/01/49,3.219
01/02/49,2.759
01/03/49,5.077
01/04/49,8.344
01/05/49,11.309
01/06/49,13.223
01/07/49,14.199
01/08/49,13.826
01/09/49,11.957
01/10/49,9.531
01/11/49,6.148
01/12/49,3.449
01/01/50,2.008
01/02/50,2.721
01/03/50,5.247
01/04/50,8.123
01/05/50,11.297
01/06/50,13.382
01/07/50,14.14
01/08/50,13.46
01/09/50,11.952
01/10/50,9.153
01/11/50,5.372
01/12/50,3.528
01/01/51,2.138
01/02/51,2.332
01/03/51,5.091
01/04/51,8.367
01/05/51,11.438
01/06/51,13.25
01/07/51,14.324
01/08/51,14.021
01/09/51,12.324
01/10/51,9.67
01/11/51,6.225
01/12/51,4.328
01/01/52,3.049
01/02/52,3.396
01/03/52,4.967
01/04/52,8.461
01/05/52,11.352
01/06/52,13.442
01/07/52,14.549
01/08/52,13.964
01/09/52,12.238
01/10/52,9.157
01/11/52,5.425
01/12/52,3.659
01/01/53,2.964
01/02/53,3.629
01/03/53,5.712
01/04/53,8.892
01/05/53,11.514
01/06/53,13.612
01/07/53,14.392
01/08/53,14.059
01/09/53,12.199
01/10/53,9.59
01/11/53,5.924
01/12/53,3.998
01/01/54,2.059
01/02/54,3.084
01/03/54,5.148
01/04/54,8.158
01/05/54,10.988
01/06/54,13.4
01/07/54,14.241
01/08/54,13.868
01/09/54,12.098
01/10/54,9.546
01/11/54,6.579
01/12/54,3.559
01/01/55,3.412
01/02/55,3.137
01/03/55,4.585
01/04/55,8.136
01/05/55,11.192
01/06/55,13.56
01/07/55,14.242
01/08/55,14.283
01/09/55,11.954
01/10/55,9.735
01/11/55,5.973
01/12/55,3.306
01/01/56,2.466
01/02/56,2.781
01/03/56,4.889
01/04/56,7.922
01/05/56,10.721
01/06/56,13.16
01/07/56,14.18
01/08/56,13.189
01/09/56,11.783
01/10/56,8.928
01/11/56,5.738
01/12/56,3.598
01/01/57,2.488
01/02/57,3.12
01/03/57,5.036
01/04/57,8.366
01/05/57,11.259
01/06/57,13.783
01/07/57,14.129
01/08/57,14.082
01/09/57,12.312
01/10/57,9.496
01/11/57,6.391
01/12/57,4.328
01/01/58,3.574
01/02/58,3.695
01/03/58,5.453
01/04/58,8.52
01/05/58,11.519
01/06/58,13.187
01/07/58,14.438
01/08/58,13.597
01/09/58,11.845
01/10/58,9.375
01/11/58,6.26
01/12/58,3.822
01/01/59,2.959
01/02/59,3.33
01/03/59,5.854
01/04/59,8.819
01/05/59,11.323
01/06/59,13.577
01/07/59,14.449
01/08/59,13.853
01/09/59,11.946
01/10/59,9.16
01/11/59,5.752
01/12/59,3.77
01/01/60,2.713
01/02/60,3.798
01/03/60,4.303
01/04/60,8.133
01/05/60,10.872
01/06/60,13.484
01/07/60,14.198
01/08/60,13.825
01/09/60,12.095
01/10/60,9.497
01/11/60,5.828
01/12/60,4.259
01/01/61,2.926
01/02/61,3.683
01/03/61,5.589
01/04/61,8.631
01/05/61,11.624
01/06/61,13.702
01/07/61,14.288
01/08/61,13.849
01/09/61,12.247
01/10/61,9.328
01/11/61,6.205
01/12/61,3.5
01/01/62,3.003
01/02/62,3.696
01/03/62,5.53
01/04/62,8.54
01/05/62,11.128
01/06/62,13.427
01/07/62,14.205
01/08/62,13.713
01/09/62,12.018
01/10/62,9.468
01/11/62,6.283
01/12/62,3.94
01/01/63,2.901
01/02/63,04.02
01/03/63,5.097
01/04/63,8.173
01/05/63,11.045
01/06/63,13.412
01/07/63,14.506
01/08/63,14.309
01/09/63,12.555
01/10/63,9.943
01/11/63,6.561
01/12/63,3.75
01/01/64,2.881
01/02/64,3.028
01/03/64,4.865
01/04/64,7.922
01/05/64,10.905
01/06/64,13.459
01/07/64,14.301
01/08/64,13.678
01/09/64,11.604
01/10/64,8.832
01/11/64,5.983
01/12/64,3.458
01/01/65,2.862
01/02/65,3.036
01/03/65,5.182
01/04/65,7.99
01/05/65,11.222
01/06/65,13.308
01/07/65,14.078
01/08/65,13.807
01/09/65,11.73
01/10/65,9.488
01/11/65,5.86
01/12/65,3.766
01/01/66,2.49
01/02/66,3.29
01/03/66,5.527
01/04/66,8.161
01/05/66,11.2
01/06/66,13.587
01/07/66,14.569
01/08/66,13.731
01/09/66,12.133
01/10/66,9.153
01/11/66,5.969
01/12/66,3.382
01/01/67,2.71
01/02/67,2.905
01/03/67,5.396
01/04/67,8.458
01/05/67,11.632
01/06/67,13.194
01/07/67,14.331
01/08/67,13.821
01/09/67,12.054
01/10/67,9.809
01/11/67,6.176
01/12/67,3.915
01/01/68,2.353
01/02/68,3.245
01/03/68,6.117
01/04/68,8.455
01/05/68,11.068
01/06/68,13.204
01/07/68,14.026
01/08/68,13.524
01/09/68,11.62
01/10/68,9.453
01/11/68,5.891
01/12/68,3.24
01/01/69,1.966
01/02/69,2.45
01/03/69,5.131
01/04/69,8.576
01/05/69,11.354
01/06/69,13.475
01/07/69,14.218
01/08/69,13.804
01/09/69,12.048
01/10/69,9.489
01/11/69,6.42
01/12/69,4.21
01/01/70,2.836
01/02/70,3.735
01/03/70,5.272
01/04/70,8.603
01/05/70,11.206
01/06/70,13.513
01/07/70,14.395
01/08/70,13.658
01/09/70,12.277
01/10/70,9.348
01/11/70,6.047
01/12/70,3.521
01/01/71,2.967
01/02/71,2.867
01/03/71,5.001
01/04/71,8.339
01/05/71,11.211
01/06/71,13.099
01/07/71,14.139
01/08/71,13.879
01/09/71,12.139
01/10/71,9.388
01/11/71,6.295
01/12/71,3.867
01/01/72,1.882
01/02/72,2.609
01/03/72,5.287
01/04/72,8.337
01/05/72,11.155
01/06/72,13.501
01/07/72,14.231
01/08/72,14.171
01/09/72,11.901
01/10/72,9.346
01/11/72,5.797
01/12/72,3.778
01/01/73,3.038
01/02/73,3.898
01/03/73,5.82
01/04/73,8.938
01/05/73,11.769
01/06/73,13.824
01/07/73,14.435
01/08/73,13.869
01/09/73,12.125
01/10/73,9.609
01/11/73,6.222
01/12/73,3.832
01/01/74,2.261
01/02/74,2.582
01/03/74,5.19
01/04/74,8.386
01/05/74,11.198
01/06/74,13.382
01/07/74,14.288
01/08/74,14.016
01/09/74,11.744
01/10/74,9.098
01/11/74,5.915
01/12/74,3.55
01/01/75,3.059
01/02/75,3.395
01/03/75,5.706
01/04/75,8.584
01/05/75,11.742
01/06/75,13.557
01/07/75,14.351
01/08/75,13.514
01/09/75,12.152
01/10/75,9.318
01/11/75,5.893
01/12/75,3.667
01/01/76,2.884
01/02/76,3.031
01/03/76,4.517
01/04/76,8.294
01/05/76,10.942
01/06/76,13.086
01/07/76,14.155
01/08/76,13.511
01/09/76,11.895
01/10/76,8.511
01/11/76,5.66
01/12/76,3.681
01/01/77,2.492
01/02/77,3.471
01/03/77,5.702
01/04/77,8.85
01/05/77,11.78
01/06/77,13.876
01/07/77,14.631
01/08/77,14.09
01/09/77,11.862
01/10/77,9.156
01/11/77,6.544
01/12/77,3.749
01/01/78,2.705
01/02/78,3.456
01/03/78,5.607
01/04/78,8.791
01/05/78,11.414
01/06/78,13.22
01/07/78,14.364
01/08/78,13.297
01/09/78,12.03
01/10/78,9.339
01/11/78,6.35
01/12/78,3.74
01/01/79,2.679
01/02/79,2.841
01/03/79,5.474
01/04/79,8.455
01/05/79,11.199
01/06/79,13.487
01/07/79,14.114
01/08/79,13.833
01/09/79,12.247
01/10/79,9.586
01/11/79,6.286
01/12/79,4.6
01/01/80,2.956
01/02/80,3.652
01/03/80,5.367
01/04/80,8.935
01/05/80,11.77
01/06/80,13.582
01/07/80,14.742
01/08/80,14.189
01/09/80,12.321
01/10/80,9.55
01/11/80,6.684
01/12/80,4.016
01/01/81,3.785
01/02/81,4.021
01/03/81,6.239
01/04/81,8.953
01/05/81,11.565
01/06/81,13.765
01/07/81,14.738
01/08/81,14.502
01/09/81,12.236
01/10/81,9.394
01/11/81,6.273
01/12/81,4.519
01/01/82,2.558
01/02/82,3.281
01/03/82,4.873
01/04/82,8.465
01/05/82,11.348
01/06/82,13.245
01/07/82,14.545
01/08/82,13.796
01/09/82,12.039
01/10/82,9.232
01/11/82,5.961
01/12/82,4.327
01/01/83,3.445
01/02/83,3.814
01/03/83,5.699
01/04/83,8.693
01/05/83,11.729
01/06/83,13.478
01/07/83,14.408
01/08/83,14.302
01/09/83,12.698
01/10/83,9.478
01/11/83,6.765
01/12/83,3.829
01/01/84,2.941
01/02/84,3.093
01/03/84,5.671
01/04/84,8.432
01/05/84,11.976
01/06/84,13.387
01/07/84,14.429
01/08/84,13.984
01/09/84,12.015
01/10/84,9.378
01/11/84,5.811
01/12/84,3.185
01/01/85,03.01
01/02/85,2.704
01/03/85,5.451
01/04/85,8.633
01/05/85,11.426
01/06/85,13.569
01/07/85,13.973
01/08/85,14.059
01/09/85,11.98
01/10/85,9.338
01/11/85,5.968
01/12/85,3.785
01/01/86,3.315
01/02/86,3.991
01/03/86,5.755
01/04/86,8.871
01/05/86,11.581
01/06/86,13.439
01/07/86,14.293
01/08/86,13.972
01/09/86,11.817
01/10/86,9.299
01/11/86,5.919
01/12/86,3.751
01/01/87,3.139
01/02/87,4.134
01/03/87,5.245
01/04/87,8.595
01/05/87,11.525
01/06/87,13.927
01/07/87,14.89
01/08/87,13.896
01/09/87,12.447
01/10/87,9.59
01/11/87,6.056
01/12/87,4.489
01/01/88,3.454
01/02/88,3.422
01/03/88,5.931
01/04/88,8.992
01/05/88,11.852
01/06/88,14.099
01/07/88,14.798
01/08/88,14.553
01/09/88,12.681
01/10/88,9.979
01/11/88,6.295
01/12/88,4.363
01/01/89,2.71
01/02/89,3.627
01/03/89,5.792
01/04/89,8.689
01/05/89,11.28
01/06/89,13.447
01/07/89,14.612
01/08/89,14.135
01/09/89,12.403
01/10/89,9.76
01/11/89,6.179
01/12/89,4.43
01/01/90,3.243
01/02/90,3.643
01/03/90,6.73
01/04/90,9.169
01/05/90,11.831
01/06/90,13.893
01/07/90,14.784
01/08/90,14.095
01/09/90,12.195
01/10/90,9.882
01/11/90,6.92
01/12/90,4.425
01/01/91,3.195
01/02/91,4.044
01/03/91,5.574
01/04/91,9.226
01/05/91,11.616
01/06/91,14.263
01/07/91,14.987
01/08/91,14.319
01/09/91,12.677
01/10/91,9.753
01/11/91,6.44
01/12/91,4.059
01/01/92,3.579
01/02/92,3.931
01/03/92,5.952
01/04/92,8.572
01/05/92,11.535
01/06/92,13.576
01/07/92,14.139
01/08/92,13.766
01/09/92,11.672
01/10/92,9.353
01/11/92,5.889
01/12/92,4.075
01/01/93,3.301
01/02/93,3.745
01/03/93,5.923
01/04/93,8.69
01/05/93,11.475
01/06/93,13.518
01/07/93,14.595
01/08/93,13.835
01/09/93,11.93
01/10/93,9.614
01/11/93,5.738
01/12/93,4.035
01/01/94,3.024
01/02/94,2.81
01/03/94,5.731
01/04/94,9.018
01/05/94,11.684
01/06/94,14.144
01/07/94,14.658
01/08/94,13.977
01/09/94,12.516
01/10/94,10.002
01/11/94,6.788
01/12/94,4.113
01/01/95,3.54
01/02/95,4.656
01/03/95,5.956
01/04/95,8.972
01/05/95,11.57
01/06/95,14.164
01/07/95,15.116
01/08/95,14.636
01/09/95,12.565
01/10/95,10.106
01/11/95,6.761
01/12/95,4.123
01/01/96,2.862
01/02/96,4.012
01/03/96,5.524
01/04/96,8.679
01/05/96,11.588
01/06/96,13.681
01/07/96,14.827
01/08/96,14.603
01/09/96,12.294
01/10/96,9.525
01/11/96,6.547
01/12/96,4.325
01/01/97,3.165
01/02/97,3.766
01/03/97,6.012
01/04/97,8.891
01/05/97,11.593
01/06/97,14.131
01/07/97,14.565
01/08/97,14.256
01/09/97,12.685
01/10/97,10.109
01/11/97,6.841
01/12/97,4.417
01/01/98,3.352
01/02/98,4.826
01/03/98,6.023
01/04/98,9.358
01/05/98,12.291
01/06/98,14.521
01/07/98,15.34
01/08/98,14.874
01/09/98,12.673
01/10/98,9.941
01/11/98,6.404
01/12/98,4.669
01/01/99,3.544
01/02/99,4.694
01/03/99,5.53
01/04/99,8.838
01/05/99,11.706
01/06/99,14.031
01/07/99,14.853
01/08/99,14.348
01/09/99,12.723
01/10/99,9.997
01/11/99,6.592
01/12/99,4.565
01/01/00,2.95
01/02/00,4.184
01/03/00,6.219
01/04/00,9.552
01/05/00,11.874
01/06/00,14.06
01/07/00,14.848
01/08/00,14.519
01/09/00,12.547
01/10/00,9.486
01/11/00,6.312
01/12/00,3.863
01/01/01,3.336
01/02/01,3.72
01/03/01,6.208
01/04/01,9.245
01/05/01,12.271
01/06/01,14.11
01/07/01,15.161
01/08/01,14.427
01/09/01,12.736
01/10/01,9.935
01/11/01,7.319
01/12/01,4.507
01/01/02,4.026
01/02/02,4.704
01/03/02,6.772
01/04/02,9.229
01/05/02,12.248
01/06/02,14.084
01/07/02,15.354
01/08/02,14.56
01/09/02,12.95
01/10/02,9.988
01/11/02,6.892
01/12/02,4.038
01/01/03,3.981
01/02/03,4.085
01/03/03,6.048
01/04/03,9.154
01/05/03,12.153
01/06/03,14.017
01/07/03,14.983
01/08/03,14.691
01/09/03,12.911
01/10/03,10.424
01/11/03,6.727
01/12/03,5.133
01/01/04,3.525
01/02/04,4.499
01/03/04,6.321
01/04/04,9.249
01/05/04,11.571
01/06/04,13.889
01/07/04,14.312
01/08/04,14.188
01/09/04,12.642
01/10/04,10.127
01/11/04,7.315
01/12/04,4.257
01/01/05,3.808
01/02/05,3.92
01/03/05,6.544
01/04/05,9.618
01/05/05,12.226
01/06/05,14.476
01/07/05,15.19
01/08/05,14.51
01/09/05,13.217
01/10/05,10.601
01/11/05,7.423
01/12/05,4.878
01/01/06,3.286
01/02/06,4.43
01/03/06,6.329
01/04/06,9.055
01/05/06,11.786
01/06/06,14.443
01/07/06,15.042
01/08/06,14.913
01/09/06,12.875
01/10/06,10.289
01/11/06,6.955
01/12/06,4.987
01/01/07,4.579
01/02/07,4.221
01/03/07,6.485
01/04/07,9.823
01/05/07,12.518
01/06/07,14.309
01/07/07,15.23
01/08/07,14.752
01/09/07,12.93
01/10/07,10.332
01/11/07,7.084
01/12/07,4.523
01/01/08,2.844
01/02/08,3.576
01/03/08,6.906
01/04/08,9.295
01/05/08,12.054
01/06/08,14.145
01/07/08,15.174
01/08/08,14.377
01/09/08,12.802
01/10/08,10.399
01/11/08,7.224
01/12/08,4.385
01/01/09,3.687
01/02/09,4.094
01/03/09,6.086
01/04/09,9.367
01/05/09,12.112
01/06/09,14.201
01/07/09,15.231
01/08/09,14.655
01/09/09,13.153
01/10/09,10.136
01/11/09,7.031
01/12/09,4.31
01/01/10,3.737
01/02/10,4.399
01/03/10,6.738
01/04/10,9.671
01/05/10,12.406
01/06/10,14.421
01/07/10,15.213
01/08/10,14.768
01/09/10,12.863
01/10/10,10.442
01/11/10,7.487
01/12/10,4.292
01/01/11,3.282
01/02/11,3.743
01/03/11,6.101
01/04/11,9.483
01/05/11,11.986
01/06/11,14.37
01/07/11,15.482
01/08/11,15.012
01/09/11,12.912
01/10/11,10.352
01/11/11,6.814
01/12/11,4.655
01/01/12,3.157
01/02/12,3.628
01/03/12,6.023
01/04/12,9.676
01/05/12,12.59
01/06/12,14.492
01/07/12,15.076
01/08/12,14.72
01/09/12,13.04
01/10/12,10.428
01/11/12,7.156
01/12/12,4.102
01/01/13,3.685
01/02/13,4.222
01/03/13,6.261
01/04/13,9.044
01/05/13,12.195
01/06/13,14.568
01/07/13,15.003
01/08/13,14.742
01/09/13,13.154
01/10/13,10.256
01/11/13,7.424
01/12/13,4.724
01/01/14,3.732
01/02/14,3.5
01/03/14,6.378
01/04/14,9.589
01/05/14,12.582
01/06/14,14.335
01/07/14,14.873
01/08/14,14.875
01/09/14,13.091
01/10/14,10.33
01/11/14,6.713
01/12/14,4.85
01/01/15,3.881
01/02/15,4.664
01/03/15,6.74
01/04/15,9.313
01/05/15,12.312
01/06/15,14.505
01/07/15,15.051
01/08/15,14.755
01/09/15,12.999
01/10/15,10.801
01/11/15,7.433
01/12/15,5.518